userID,userName,userAge,userEmail,userAddress
1,Dita Vuitton,70,dvuitton0@uiuc.edu,Albania
2,Lou Sherlaw,58,lsherlaw1@uol.com.br,Argentina
3,Lucius Ledson,63,lledson2@behance.net,Argentina
4,Taylor Swift,25,tswift@gmail.com,United States
5,Merna Laverenz,18,mlaverenz4@sfgate.com,Albania
6,Amara Alcott,66,aalcott5@jalbum.net,Zambia
7,Kerry Neylan,18,kneylan6@bbc.co.uk,Argentina
8,Marvel Entertainment Club1,27,mec1@ftc.gov,United States
9,Junina Izakovitz,43,jizakovitz8@springer.com,Argentina
10,Kayley Hiscoke,37,khiscoke9@prnewswire.com,United Kingdom
11,Urson Karran,84,ukarrana@wp.com,Armenia
12,Quentin Pringuer,26,qpringuerb@163.com,Argentina
13,Laurie Degan,30,ldeganc@noaa.gov,Albania
14,Ignacio Cansdall,72,icansdalld@friendfeed.com,Argentina
15,Austen Brand,37,abrande@elpais.com,United States
16,Lita Tufts,22,ltuftsf@simplemachines.org,Albania
17,Almeda Cubberley,66,acubberleyg@cbslocal.com,Argentina
18,Derward Bremley,15,dbremleyh@pen.io,Argentina
19,Tadeo Rodbourne,60,trodbournei@sun.com,Argentina
20,Salvidor Shewring,72,sshewringj@csmonitor.com,United States
21,Jenny O' Cloney,54,jok@tiny.cc,United States
22,Malanie Gurg,71,mgurgl@virginia.edu,Albania
23,Ferdinand Preedy,82,fpreedym@blinklist.com,United Kingdom
24,Junette Gremane,17,jgremanen@cpanel.net,Angola
25,Karlyn Hugle,58,khugleo@de.vu,United States
26,Riannon Romao,54,rromaop@cargocollective.com,United States
27,Osbourne Rogan,63,oroganq@cnbc.com,United States
28,Suzie Spare,35,ssparer@sphinn.com,Argentina
29,Stanford Moffet,58,smoffets@vk.com,Albania
30,Duane Chapelle,64,dchapellet@bloomberg.com,United States
31,Isadore Node,35,inodeu@edublogs.org,Armenia
32,Adelheid Milksop,65,amilksopv@ca.gov,Argentina
33,Tanhya Chiese,46,tchiesew@a8.net,United Kingdom
34,Phip Clawson,40,pclawsonx@blogger.com,Argentina
35,Sheila Hollier,76,sholliery@yellowbook.com,Argentina
36,Timotheus Prantl,31,tprantlz@issuu.com,Armenia
37,Tabby Bustin,79,tbustin10@bbb.org,United States
38,Jory Ikins,38,jikins11@buzzfeed.com,Argentina
39,Eloisa Amphlett,25,eamphlett12@disqus.com,United States
40,Latisha Wilkerson,35,lwilkerson13@accuweather.com,Argentina
41,Aldus Pittwood,61,apittwood14@sbwire.com,Armenia
42,Filia Heinicke,37,fheinicke15@t-online.de,Albania
43,Waly Minihane,82,wminihane16@imdb.com,United States
44,Kippy Ruckert,72,kruckert17@ovh.net,Albania
45,Clarie Dirr,65,cdirr18@fastcompany.com,United States
46,Corinna Craise,51,ccraise19@ucoz.ru,Zambia
47,Pattin Culshew,17,pculshew1a@cnet.com,Albania
48,Austine Rawcliff,82,arawcliff1b@nydailynews.com,United States
49,Clarence Klimushev,73,cklimushev1c@independent.co.uk,Zambia
50,Kirby Hentzer,61,khentzer1d@independent.co.uk,Argentina
51,Frederick Littley,36,flittley1e@slideshare.net,United States
52,Claudie Ferreras,21,cferreras1f@hibu.com,United States
53,Colline Leglise,60,cleglise1g@digg.com,United States
54,Enos Gell,37,egell1h@linkedin.com,Albania
55,Annecorinne Wands,51,awands1i@acquirethisname.com,United States
56,Brigham Penberthy,42,bpenberthy1j@ezinearticles.com,United States
57,Vaclav Ogley,69,vogley1k@salon.com,Albania
58,Dorelle Dragge,51,ddragge1l@sohu.com,United States
59,Christy Rosini,19,crosini1m@biblegateway.com,United States
60,Jan Mithon,40,jmithon1n@cyberchimps.com,Albania
61,Justus Kitchingman,45,jkitchingman1o@yahoo.co.jp,United States
62,Phillis Dorgan,65,pdorgan1p@boston.com,Argentina
63,Alison Capper,52,acapper1q@about.me,Armenia
64,Helaine Heberden,57,hheberden1r@taobao.com,United States
65,Hy Leaney,36,hleaney1s@qq.com,United States
66,Sylvester Vear,40,svear1t@amazon.co.jp,United States
67,Mendy Cristofalo,69,mcristofalo1u@mit.edu,United States
68,Hart Eake,55,heake1v@yolasite.com,Argentina
69,Myrwyn Palumbo,61,mpalumbo1w@quantcast.com,United States
70,Clementina Gooderham,23,cgooderham1x@miibeian.gov.cn,United States
71,Zsazsa Millhill,28,zmillhill1y@japanpost.jp,Argentina
72,Nert Combe,22,ncombe1z@biglobe.ne.jp,United States
73,Carleton Bernardeau,68,cbernardeau20@yellowpages.com,Zambia
74,Madelle Gambrell,54,mgambrell21@yolasite.com,Argentina
75,Florella Claridge,78,fclaridge22@flickr.com,United States
76,Chris Momery,29,cmomery23@blog.com,United States
77,Patsy Alesio,74,palesio24@sbwire.com,Armenia
78,Weider Tuxsell,84,wtuxsell25@ted.com,Argentina
79,Johnnie Mablestone,50,jmablestone26@live.com,United States
80,Timothy Tabor,74,ttabor27@ft.com,Armenia
81,Michael Smead,78,msmead28@omniture.com,United States
82,Dale Jankowski,81,djankowski29@photobucket.com,Albania
83,Felicia Grazier,76,fgrazier2a@ft.com,United States
84,Nikaniki Lesek,77,nlesek2b@bbc.co.uk,Burkina Faso
85,Sophie Savege,34,ssavege2c@so-net.ne.jp,Argentina
86,Gabby Alpine,21,galpine2d@skyrock.com,United States
87,Arthur Wraighte,80,awraighte2e@whitehouse.gov,United Kingdom
88,Easter Talks,63,etalks2f@gov.uk,Argentina
89,Salome Schukert,24,sschukert2g@fotki.com,Argentina
90,Modesty McCafferky,72,mmccafferky2h@ustream.tv,Argentina
91,Rafe Shellum,80,rshellum2i@ameblo.jp,United Kingdom
92,Nollie Bestman,31,nbestman2j@pagesperso-orange.fr,Argentina
93,Monroe Ickovicz,75,mickovicz2k@xing.com,Albania
94,Darci Woffenden,77,dwoffenden2l@ed.gov,United States
95,Janelle Stebbings,69,jstebbings2m@blogger.com,Argentina
96,Tucky Broader,34,tbroader2n@miitbeian.gov.cn,United States
97,Francisco Obal,62,fobal2o@printfriendly.com,Albania
98,Levi Sweeny,34,lsweeny2p@statcounter.com,Armenia
99,Debee O'Mannion,42,domannion2q@sourceforge.net,Argentina
100,Catha Currum,20,ccurrum2r@cpanel.net,United States
101,Raff Duncombe,63,rduncombe2s@clickbank.net,United Kingdom
102,Gaylor Barten,64,gbarten2t@foxnews.com,United States
103,Nerte Benton,24,nbenton2u@netscape.com,United States
104,Vere Moulden,61,vmoulden2v@usnews.com,United States
105,Martin Sanper,58,msanper2w@ning.com,United States
106,Marla Owens,38,mowens2x@earthlink.net,Zambia
107,Baillie Piwall,64,bpiwall2y@themeforest.net,Burkina Faso
108,Dorice Mozzetti,30,dmozzetti2z@wisc.edu,United States
109,Emory Sappell,33,esappell30@weebly.com,United States
110,Jerri Sjostrom,64,jsjostrom31@ox.ac.uk,Argentina
111,Darby Haws,77,dhaws32@dion.ne.jp,United States
112,Tove Cron,20,tcron33@yahoo.co.jp,Albania
113,Katine Balaison,84,kbalaison34@usa.gov,United States
114,Elsie Pithcock,68,epithcock35@sohu.com,United States
115,Izak Tod,45,itod36@seattletimes.com,Armenia
116,Mathias Posthill,51,mposthill37@umich.edu,Zambia
117,Rosamund Imlen,80,rimlen38@japanpost.jp,Argentina
118,Kizzie Pinnigar,66,kpinnigar39@ehow.com,Albania
119,Lorrayne Bosley,29,lbosley3a@wisc.edu,Armenia
120,Christiane Dobel,21,cdobel3b@rambler.ru,United States
121,Barbe Brogini,30,bbrogini3c@vistaprint.com,United States
122,Reggi Pardew,84,rpardew3d@ifeng.com,Argentina
123,Harp Feronet,40,hferonet3e@princeton.edu,American Samoa
124,Salmon Pahler,42,spahler3f@bizjournals.com,Armenia
125,Terrill Mattson,14,tmattson3g@cbc.ca,United States
126,My Capper,67,mcapper3h@google.com.br,Argentina
127,Marvel Entertainment Club2,33,mec2@scribd.com,United States
128,Kelly Craigmile,31,kcraigmile3j@trellian.com,Argentina
129,Cecil Ashwood,46,cashwood3k@washingtonpost.com,Zambia
130,Neddie Blenkharn,59,nblenkharn3l@unblog.fr,Argentina
131,Padriac Raffles,85,praffles3m@ifeng.com,United States
132,Willetta Shernock,53,wshernock3n@wikimedia.org,United States
133,Evie Brownstein,77,ebrownstein3o@symantec.com,American Samoa
134,Mic Dudman,68,mdudman3p@hao123.com,Argentina
135,Gabi Stribbling,82,gstribbling3q@amazon.co.jp,Albania
136,Betti Chugg,79,bchugg3r@booking.com,Albania
137,Ivonne Thames,35,ithames3s@apple.com,Bahrain
138,Nita Jannex,45,njannex3t@nationalgeographic.com,Argentina
139,Anatola Woodley,32,awoodley3u@wordpress.com,United States
140,Carny Paschek,60,cpaschek3v@over-blog.com,United States
141,Alard Beards,60,abeards3w@telegraph.co.uk,United States
142,Meier Beldham,48,mbeldham3x@chronoengine.com,Albania
143,Tatum Pleaden,63,tpleaden3y@etsy.com,United States
144,Emily Rudeyeard,39,erudeyeard3z@spotify.com,Argentina
145,Blinni Gornar,69,bgornar40@meetup.com,Armenia
146,Sherwynd Maghull,76,smaghull41@baidu.com,United States
147,Padgett Entreis,67,pentreis42@ning.com,Armenia
148,Leshia Scobbie,64,lscobbie43@dmoz.org,Argentina
149,Sisely Tummond,53,stummond44@samsung.com,United States
150,Elenore McInally,33,emcinally45@umn.edu,Cape Verde
151,Silvanus Ardling,74,sardling46@house.gov,Argentina
152,Junina Brister,33,jbrister47@psu.edu,Argentina
153,Bettine Coughtrey,80,bcoughtrey48@amazonaws.com,Argentina
154,Alidia Ridgers,36,aridgers49@homestead.com,Armenia
155,Rab Loch,49,rloch4a@artisteer.com,Argentina
156,Levi Lantoph,31,llantoph4b@ftc.gov,United States
157,Bea Ruggiero,66,bruggiero4c@wikimedia.org,Albania
158,Brittne Potticary,64,bpotticary4d@columbia.edu,United States
159,Keelby Shailer,76,kshailer4e@soundcloud.com,United States
160,Giovanni Escudier,44,gescudier4f@ocn.ne.jp,Argentina
161,Hermine Kerner,76,hkerner4g@cocolog-nifty.com,Argentina
162,Ellissa Ruegg,35,eruegg4h@odnoklassniki.ru,Armenia
163,Giffy Scarfe,35,gscarfe4i@list-manage.com,Armenia
164,Barthel Warham,35,bwarham4j@salon.com,Argentina
165,Robinett Buchan,17,rbuchan4k@domainmarket.com,United States
166,Abraham Kerne,50,akerne4l@shutterfly.com,United States
167,Shanie Gosnell,36,sgosnell4m@foxnews.com,United States
168,Asa Harland,61,aharland4n@sakura.ne.jp,United Kingdom
169,Fairlie Esel,77,fesel4o@sohu.com,United States
170,Giff Sweetland,28,gsweetland4p@usa.gov,Angola
171,Aleksandr Forsaith,59,aforsaith4q@kickstarter.com,United States
172,Sib Hincks,83,shincks4r@squarespace.com,Argentina
173,Ciel Tutt,41,ctutt4s@wikispaces.com,Argentina
174,Jerrilee Sille,64,jsille4t@nsw.gov.au,United States
175,Gerladina Sillick,54,gsillick4u@google.nl,United States
176,Conrad Darmody,55,cdarmody4v@gravatar.com,Armenia
177,Rhianna Rustich,42,rrustich4w@jugem.jp,United States
178,Kathy Sewill,34,ksewill4x@bravesites.com,Angola
179,Ambrosi Cowing,59,acowing4y@amazon.co.jp,United States
180,Roxane Gaynsford,30,rgaynsford4z@goo.ne.jp,United Kingdom
181,Bard Marousek,77,bmarousek50@tuttocitta.it,United States
182,Valry Cumbes,50,vcumbes51@unicef.org,Argentina
183,Consuela Springate,28,cspringate52@forbes.com,United States
184,Sarette Haworth,79,shaworth53@oakley.com,Argentina
185,Baron Lemmertz,76,blemmertz54@mlb.com,United States
186,Ingamar Cocke,82,icocke55@altervista.org,Angola
187,Cyrillus Witt,80,cwitt56@php.net,United States
188,Reiko White,15,rwhite57@constantcontact.com,United States
189,Amos Brachell,73,abrachell58@businessinsider.com,Armenia
190,Evangelin Ithell,64,eithell59@reverbnation.com,United States
191,Brianna Stetlye,80,bstetlye5a@fema.gov,Argentina
192,Yolane Sapsford,75,ysapsford5b@mysql.com,United States
193,Pavlov Dobel,33,pdobel5c@gnu.org,United States
194,Amargo Carillo,34,acarillo5d@flavors.me,United States
195,Alonzo Giffon,14,agiffon5e@ow.ly,Albania
196,Shantee Shervil,83,sshervil5f@spiegel.de,Albania
197,Eugenie Boate,25,eboate5g@yolasite.com,Argentina
198,Celestyna Ayto,85,cayto5h@craigslist.org,Zambia
199,Torrie Melmar,18,tmelmar5i@printfriendly.com,United States
200,Nanete Coombs,54,ncoombs5j@geocities.com,United States
201,Romona Renahan,74,rrenahan5k@reuters.com,Argentina
202,Gusella Knudsen,64,gknudsen5l@histats.com,Argentina
203,Libby Lyddiatt,68,llyddiatt5m@drupal.org,United States
204,Sonnnie Pennycock,47,spennycock5n@samsung.com,Argentina
205,Sax Pock,37,spock5o@hud.gov,United States
206,Stacie Benoey,25,sbenoey5p@answers.com,United Kingdom
207,Marvel Entertainment Club3,53,mec3@epa.gov,United States
208,Fiona Lednor,77,flednor5r@t-online.de,Argentina
209,Xever Bush,31,xbush5s@plala.or.jp,Armenia
210,Doy Czyz,42,dczyz5t@nasa.gov,United States
211,Desirae Kalewe,65,dkalewe5u@webnode.com,United States
212,Jinny Veld,33,jveld5v@unesco.org,United States
213,Van Cadagan,53,vcadagan5w@altervista.org,United Kingdom
214,Pablo Sorrill,22,psorrill5x@engadget.com,United Kingdom
215,Dania Cornwell,22,dcornwell5y@tripadvisor.com,Argentina
216,Hyatt Bullant,64,hbullant5z@reuters.com,United States
217,Daisie Gunston,72,dgunston60@twitter.com,Armenia
218,Martyn Rooksby,31,mrooksby61@naver.com,Argentina
219,Delaney Stowers,57,dstowers62@jigsy.com,United States
220,Caralie Pirot,55,cpirot63@mapquest.com,United States
221,Marvel Entertainment Club4,49,mec4@rediff.com,Argentina
222,Jens Jolly,62,jjolly65@psu.edu,United States
223,Bay Domek,76,bdomek66@example.com,Armenia
224,Urbanus Persian,50,upersian67@bravesites.com,Armenia
225,Roana Farn,34,rfarn68@harvard.edu,Albania
226,Merci Wogden,63,mwogden69@posterous.com,Argentina
227,Gray Fligg,49,gfligg6a@upenn.edu,Albania
228,Joe Sellens,50,jsellens6b@yandex.ru,Argentina
229,Lowe Pfiffer,14,lpfiffer6c@arstechnica.com,United States
230,Tarrance Bantock,17,tbantock6d@java.com,Argentina
231,Constantin Girauld,36,cgirauld6e@msu.edu,Armenia
232,Paquito Cartner,61,pcartner6f@woothemes.com,Albania
233,Ferdie Erangey,45,ferangey6g@weebly.com,Albania
234,Onfre Minocchi,32,ominocchi6h@comcast.net,Argentina
235,Kale Ramsell,49,kramsell6i@ovh.net,Argentina
236,Mata Jessope,24,mjessope6j@foxnews.com,Zambia
237,Sioux MacParlan,26,smacparlan6k@newsvine.com,Armenia
238,Renaldo Crozier,49,rcrozier6l@ed.gov,Argentina
239,Quintin Guerola,66,qguerola6m@ameblo.jp,United States
240,Stefa Kesby,82,skesby6n@artisteer.com,United States
241,Borden Ellingford,46,bellingford6o@mlb.com,Argentina
242,Kariotta MacPhail,72,kmacphail6p@opera.com,Albania
243,Hilary Habron,50,hhabron6q@google.com.au,Albania
244,Abbie Swanborough,52,aswanborough6r@skype.com,Argentina
245,Bondie Grzegorzewicz,76,bgrzegorzewicz6s@smh.com.au,United States
246,Trish Bewfield,53,tbewfield6t@jugem.jp,Argentina
247,Marilee Caramuscia,41,mcaramuscia6u@china.com.cn,Armenia
248,Eada Gerran,17,egerran6v@about.me,Argentina
249,Artemas McCullogh,24,amccullogh6w@intel.com,Argentina
250,Nickola Chisolm,27,nchisolm6x@lulu.com,Argentina
251,Gay de la Valette Parisot,56,gde6y@theglobeandmail.com,Albania
252,Mordy Brennan,31,mbrennan6z@sakura.ne.jp,United States
253,Natassia Lennarde,48,nlennarde70@baidu.com,United States
254,Dara Partington,35,dpartington71@woothemes.com,United States
255,Teresina Mingey,16,tmingey72@ustream.tv,Argentina
256,Clari Patington,80,cpatington73@google.fr,United States
257,Lonna Wilsey,37,lwilsey74@bizjournals.com,United States
258,Gerri Ambrogetti,55,gambrogetti75@phoca.cz,United States
259,Sadella Catterall,36,scatterall76@yellowbook.com,Argentina
260,Berri Putson,76,bputson77@last.fm,Argentina
261,Frederik Deyenhardt,56,fdeyenhardt78@vinaora.com,United States
262,Rozanna Ruit,84,rruit79@jalbum.net,Armenia
263,Tobie Brouncker,82,tbrouncker7a@canalblog.com,United States
264,Obed Mion,29,omion7b@tamu.edu,Argentina
265,Heall Shergold,26,hshergold7c@blogspot.com,United States
266,Tammie Machent,21,tmachent7d@washingtonpost.com,United States
267,Elvis Samarth,62,esamarth7e@flavors.me,Albania
268,Randolph Klass,17,rklass7f@slideshare.net,Argentina
269,Willem Dell Casa,81,wdell7g@shutterfly.com,Argentina
270,Cybill Janoch,39,cjanoch7h@blogger.com,United States
271,Alberik Phelp,32,aphelp7i@technorati.com,Argentina
272,Evelin Plank,63,eplank7j@sina.com.cn,Argentina
273,Damien Baynard,53,dbaynard7k@pagesperso-orange.fr,Zambia
274,Mylo Stonner,43,mstonner7l@flickr.com,Armenia
275,Georg Jimpson,49,gjimpson7m@desdev.cn,Argentina
276,Anne-marie Pemberton,29,apemberton7n@arstechnica.com,Angola
277,Dud Carlesi,64,dcarlesi7o@utexas.edu,United States
278,Carly McQuirter,78,cmcquirter7p@latimes.com,Albania
279,Ingaborg Whelpton,42,iwhelpton7q@hostgator.com,United Kingdom
280,Monika Storer,26,mstorer7r@phoca.cz,Argentina
281,Ali Iianon,62,aiianon7s@smugmug.com,Albania
282,Kiah Lindelof,44,klindelof7t@imdb.com,United States
283,Lennard Brennan,17,lbrennan7u@wikipedia.org,United States
284,Niki Rajchert,59,nrajchert7v@example.com,Zambia
285,Drucy Szantho,58,dszantho7w@hubpages.com,Angola
286,Wynne Dinley,68,wdinley7x@is.gd,United Kingdom
287,Otha Scarff,65,oscarff7y@sitemeter.com,United States
288,Lamont Bosomworth,50,lbosomworth7z@abc.net.au,Albania
289,Sherrie Evreux,16,sevreux80@freewebs.com,Argentina
290,Eleonora Raison,24,eraison81@list-manage.com,United States
291,Laurent Stolberger,83,lstolberger82@china.com.cn,Argentina
292,Selia Soldan,65,ssoldan83@nymag.com,United States
293,Maryjo Remington,37,mremington84@goo.gl,United States
294,Lothario Hanbridge,30,lhanbridge85@jimdo.com,Argentina
295,Rois Oldham,71,roldham86@uol.com.br,United Kingdom
296,Shelli Cicchetto,66,scicchetto87@yale.edu,Zambia
297,Hallsy Reolfi,63,hreolfi88@ed.gov,Cape Verde
298,Harriett Cammock,15,hcammock89@bloomberg.com,United States
299,Raddy Blakeway,71,rblakeway8a@bizjournals.com,United States
300,Cinda Tew,58,ctew8b@github.io,Argentina
301,Luelle Powell,29,lpowell8c@unc.edu,Argentina
302,Steve Conyer,66,sconyer8d@cnn.com,United States
303,Ianthe Lapham,59,ilapham8e@amazon.com,United States
304,Dall St. Clair,48,dst8f@1und1.de,United States
305,Otha Rubinchik,16,orubinchik8g@nifty.com,Argentina
306,Tiffie Tweede,53,ttweede8h@bloglines.com,Argentina
307,Al Meaker,18,ameaker8i@ocn.ne.jp,United States
308,Tammy Sogg,38,tsogg8j@webeden.co.uk,United States
309,Mable Skillings,20,mskillings8k@dailymail.co.uk,United States
310,Peder Dury,34,pdury8l@twitpic.com,Argentina
311,Caryl Pfaffel,65,cpfaffel8m@craigslist.org,United States
312,Lavina Stutard,19,lstutard8n@ustream.tv,Argentina
313,Merwin Ludwikiewicz,33,mludwikiewicz8o@mapquest.com,Albania
314,Gaby Renton,82,grenton8p@multiply.com,United States
315,Tabor Di Ruggiero,84,tdi8q@usda.gov,United States
316,Marvel Entertainment Club5,63,mec5@indiegogo.com,Albania
317,Phyllida Capewell,25,pcapewell8s@blogger.com,United States
318,Lyon Birk,32,lbirk8t@indiatimes.com,United Kingdom
319,Dacy Saunter,28,dsaunter8u@vistaprint.com,Angola
320,Ebba Sumshon,16,esumshon8v@shutterfly.com,United States
321,Ely Melonby,23,emelonby8w@instagram.com,Argentina
322,Dasi Shyres,35,dshyres8x@friendfeed.com,Argentina
323,Grazia Zarfai,56,gzarfai8y@sourceforge.net,Argentina
324,Eirena Banbrick,72,ebanbrick8z@columbia.edu,United States
325,Dorrie Batts,44,dbatts90@tripadvisor.com,United States
326,Sharla Maykin,63,smaykin91@elegantthemes.com,Argentina
327,Dalenna Kingh,26,dkingh92@hc360.com,United States
328,Odessa Chainey,45,ochainey93@spotify.com,Armenia
329,Moselle Loding,52,mloding94@woothemes.com,Argentina
330,Donia Smylie,47,dsmylie95@phpbb.com,Armenia
331,Del Keenlyside,63,dkeenlyside96@wiley.com,United States
332,Rozamond Belle,34,rbelle97@usa.gov,Argentina
333,Jess Alldridge,31,jalldridge98@lulu.com,United States
334,Reade Cowill,74,rcowill99@wsj.com,Cape Verde
335,Giusto MacLoughlin,78,gmacloughlin9a@pagesperso-orange.fr,United States
336,Mag Vidgeon,77,mvidgeon9b@spiegel.de,Argentina
337,Aimee Curnock,65,acurnock9c@spotify.com,Albania
338,Riordan Edgeson,43,redgeson9d@histats.com,United States
339,Sean Borge,22,sborge9e@jigsy.com,United States
340,Ber Cayton,43,bcayton9f@timesonline.co.uk,United States
341,Bee Crisford,52,bcrisford9g@unicef.org,Albania
342,Egbert Clausius,39,eclausius9h@comsenz.com,Burkina Faso
343,Ody Zeplin,65,ozeplin9i@hibu.com,United Kingdom
344,Jourdain Riley,44,jriley9j@senate.gov,Armenia
345,Delores Sambals,21,dsambals9k@gnu.org,Argentina
346,Krispin Kenion,15,kkenion9l@forbes.com,United States
347,Tabatha Gaythorpe,15,tgaythorpe9m@1und1.de,Burkina Faso
348,Lexine Gibke,73,lgibke9n@quantcast.com,United States
349,Marwin Pawelek,58,mpawelek9o@technorati.com,United States
350,Fidel Birchett,16,fbirchett9p@statcounter.com,United States
351,Alfreda Mell,57,amell9q@imgur.com,Argentina
352,Lionel Bevir,18,lbevir9r@google.fr,United States
353,Orlando Wilder,51,owilder9s@fema.gov,Zambia
354,Micky Chiddy,55,mchiddy9t@delicious.com,Argentina
355,Chelsey Pimerick,53,cpimerick9u@surveymonkey.com,Albania
356,Gavan Hubach,67,ghubach9v@histats.com,United States
357,Karilynn Ellams,34,kellams9w@gizmodo.com,United States
358,Fanni Banthorpe,69,fbanthorpe9x@macromedia.com,United States
359,Catharina Lovejoy,22,clovejoy9y@liveinternet.ru,Albania
360,Katey Wittey,63,kwittey9z@goo.gl,Armenia
361,Kerby Lockhurst,31,klockhursta0@cam.ac.uk,Argentina
362,Corbet Budgey,55,cbudgeya1@aol.com,Argentina
363,Averil Valeri,60,avaleria2@issuu.com,United States
364,Fredek Cahani,71,fcahania3@goodreads.com,United States
365,Archaimbaud Birdfield,75,abirdfielda4@cbc.ca,Argentina
366,Leola Fermin,85,lfermina5@smugmug.com,Angola
367,Hillary Westby,54,hwestbya6@seattletimes.com,Zambia
368,Virge Sylvester,78,vsylvestera7@slashdot.org,Burkina Faso
369,Evin Hurndall,17,ehurndalla8@youku.com,United States
370,Royce Zaple,31,rzaplea9@imgur.com,Argentina
371,Flossy Dallander,64,fdallanderaa@drupal.org,Argentina
372,Rozella Lincoln,14,rlincolnab@reference.com,Armenia
373,Nefen Duckett,36,nduckettac@bbc.co.uk,Argentina
374,Town Waller-Bridge,84,twallerbridgead@csmonitor.com,United States
375,Shaughn Milton-White,21,smiltonwhiteae@dagondesign.com,Burkina Faso
376,Adam Fleet,16,afleetaf@digg.com,United States
377,Padraic Daftor,35,pdaftorag@github.com,United States
378,Bordie Marskell,23,bmarskellah@sphinn.com,United States
379,Emalia Sacaze,56,esacazeai@samsung.com,Albania
380,Emilee Corwood,55,ecorwoodaj@nba.com,Zambia
381,Bevan Lyte,16,blyteak@engadget.com,Argentina
382,Lilias Stonary,60,lstonaryal@vk.com,Argentina
383,Trueman MacCostye,34,tmaccostyeam@geocities.jp,United States
384,Rochester Geare,56,rgearean@amazon.de,Argentina
385,Dermot Chisnall,85,dchisnallao@123-reg.co.uk,United States
386,Mayor Kolakovic,55,mkolakovicap@ucoz.com,United States
387,Johannes Lightfoot,16,jlightfootaq@mapquest.com,United States
388,Mignon Cavolini,46,mcavoliniar@ycombinator.com,Albania
389,Elfreda Vanini,62,evaninias@noaa.gov,United States
390,Cherie Dunnett,74,cdunnettat@hhs.gov,United States
391,Livvyy Clemmen,72,lclemmenau@themeforest.net,United States
392,Carny Tort,35,ctortav@adobe.com,United States
393,Jaquenetta Liversidge,59,jliversidgeaw@zimbio.com,United Kingdom
394,Redford Laborda,50,rlabordaax@usgs.gov,United States
395,Bartlett Chinnick,68,bchinnickay@yahoo.com,Albania
396,Franny Howsam,20,fhowsamaz@gov.uk,United Kingdom
397,Vivianne Golborn,47,vgolbornb0@myspace.com,United Kingdom
398,Juieta Duley,32,jduleyb1@elpais.com,Zambia
399,Sophey Garaway,46,sgarawayb2@slideshare.net,United States
400,Corbin Tregiddo,58,ctregiddob3@adobe.com,United States
401,Estella Whitear,37,ewhitearb4@google.com.br,Armenia
402,Bart Sheaber,63,bsheaberb5@fotki.com,United States
403,Marcella Ayllett,45,mayllettb6@pen.io,Zambia
404,Pam Bankhurst,28,pbankhurstb7@drupal.org,Albania
405,Rozina Giannassi,65,rgiannassib8@simplemachines.org,Armenia
406,Monty Grummitt,45,mgrummittb9@phoca.cz,Albania
407,Elita Waite,17,ewaiteba@forbes.com,United States
408,Dom Baldin,82,dbaldinbb@xrea.com,United Kingdom
409,Leonie Mansuer,40,lmansuerbc@wordpress.org,United States
410,Cleo Naisbet,19,cnaisbetbd@jigsy.com,United States
411,Lisha Bolin,39,lbolinbe@psu.edu,Armenia
412,Dyane Rought,36,droughtbf@comsenz.com,United States
413,Robinet Irwin,47,rirwinbg@nymag.com,Albania
414,Stewart Gaw,29,sgawbh@liveinternet.ru,Argentina
415,Annecorinne Ghilks,59,aghilksbi@amazon.com,Albania
416,Luz Lorraway,23,llorrawaybj@moonfruit.com,United States
417,Vivianna Seabert,43,vseabertbk@tinypic.com,Argentina
418,Tiffie Saurin,46,tsaurinbl@usda.gov,United States
419,Tommi Brawson,62,tbrawsonbm@intel.com,Albania
420,Price Waterstone,25,pwaterstonebn@clickbank.net,United States
421,Helge Besantie,49,hbesantiebo@dailymotion.com,Albania
422,Cleavland Haith,56,chaithbp@histats.com,Albania
423,Jabez Yuryaev,16,jyuryaevbq@amazon.com,Burkina Faso
424,Nariko Dotterill,32,ndotterillbr@cbsnews.com,Albania
425,Mirabel Buick,45,mbuickbs@icio.us,United States
426,Deonne Bollin,14,dbollinbt@globo.com,United States
427,Joye Briscow,26,jbriscowbu@china.com.cn,United States
428,Barrie Gleder,37,bglederbv@businessinsider.com,Albania
429,Merrill Edds,81,meddsbw@ihg.com,Armenia
430,Percival Domenge,30,pdomengebx@auda.org.au,United States
431,Katrinka Ruusa,37,kruusaby@cnet.com,United States
432,Harbert Demare,59,hdemarebz@imageshack.us,United Kingdom
433,Reggy Lyttle,14,rlyttlec0@prweb.com,Albania
434,Anetta Rustan,76,arustanc1@msu.edu,United States
435,Annecorinne Ruppertz,72,aruppertzc2@joomla.org,United States
436,Whitaker Cavanagh,43,wcavanaghc3@sciencedaily.com,United Kingdom
437,Lesly Gibberd,58,lgibberdc4@hibu.com,United States
438,Sauncho Kondrat,41,skondratc5@feedburner.com,United States
439,Maynord Simkin,19,msimkinc6@cargocollective.com,Argentina
440,Yolanthe Seaton,20,yseatonc7@nba.com,United States
441,Wiley Pocknoll,67,wpocknollc8@com.com,United States
442,Sig De Anesy,61,sdec9@meetup.com,United States
443,Mike Glencorse,60,mglencorseca@dedecms.com,United States
444,Kerstin Leafe,84,kleafecb@sourceforge.net,Armenia
445,Elaine Freschini,44,efreschinicc@npr.org,United States
446,Lou Draxford,48,ldraxfordcd@adobe.com,Armenia
447,Bart Colleford,41,bcollefordce@soup.io,Armenia
448,Ana Franceschi,38,afranceschicf@reuters.com,Armenia
449,Myrvyn Bach,38,mbachcg@homestead.com,United States
450,Hollis Fairbrace,37,hfairbracech@w3.org,United States
451,Waldemar Burd,47,wburdci@amazon.co.uk,Argentina
452,Adan Rait,15,araitcj@blogger.com,United States
453,Sansone Bloxholm,27,sbloxholmck@hexun.com,Albania
454,Elsbeth Copnall,14,ecopnallcl@wikia.com,Burkina Faso
455,Leona Delgaty,34,ldelgatycm@rediff.com,Albania
456,Gale Crockley,34,gcrockleycn@cargocollective.com,Argentina
457,Sydney Pacquet,76,spacquetco@51.la,United States
458,Kimmie Baglow,32,kbaglowcp@weibo.com,United States
459,Kerrie Isenor,83,kisenorcq@time.com,United States
460,Lusa McCathie,61,lmccathiecr@hatena.ne.jp,United States
461,Davon Gore,54,dgorecs@senate.gov,Armenia
462,Baron Pickthorne,21,bpickthornect@blogspot.com,United Kingdom
463,Elvyn De Ath,78,edecu@jiathis.com,United States
464,Guido Grimsey,82,ggrimseycv@sitemeter.com,Burkina Faso
465,Marcel Reolfi,55,mreolficw@nasa.gov,Albania
466,Elsa Gier,71,egiercx@google.com.br,Argentina
467,Tommie Rabat,26,trabatcy@chicagotribune.com,Argentina
468,Jania Rousell,34,jrousellcz@ebay.com,United States
469,Mathew Peggram,47,mpeggramd0@tamu.edu,Zambia
470,Kirbee Ardy,80,kardyd1@cyberchimps.com,Armenia
471,Currie Garman,57,cgarmand2@ucsd.edu,Argentina
472,Valentine Emmatt,19,vemmattd3@yahoo.co.jp,United States
473,Nicola Gorriessen,23,ngorriessend4@hugedomains.com,United States
474,Bobbie Childes,78,bchildesd5@illinois.edu,United States
475,Justin Canet,55,jcanetd6@washingtonpost.com,United States
476,Tabby Danilin,60,tdanilind7@alexa.com,Armenia
477,Townsend Thornton,15,tthorntond8@japanpost.jp,Albania
478,Tabbie Dwire,25,tdwired9@washingtonpost.com,United States
479,Turner Bendig,67,tbendigda@reverbnation.com,United States
480,Asia Kingsley,65,akingsleydb@bbb.org,United States
481,Leodora Bulled,46,lbulleddc@slashdot.org,United States
482,Hillary Leefe,65,hleefedd@yahoo.com,Armenia
483,Sven Wettern,54,swetternde@unicef.org,Argentina
484,Reuven Castrillo,62,rcastrillodf@bloomberg.com,United States
485,Renado Bowman,43,rbowmandg@samsung.com,United States
486,Courtney Legrave,45,clegravedh@xrea.com,United States
487,Astra Tague,29,ataguedi@gnu.org,Argentina
488,Artemas Lake,44,alakedj@jugem.jp,Zambia
489,Chester Duer,78,cduerdk@marketwatch.com,Bahrain
490,Rickert Kinsett,77,rkinsettdl@irs.gov,United States
491,Ruthe Elverston,45,relverstondm@wsj.com,United States
492,Persis Rigg,48,priggdn@nifty.com,United States
493,Devlen Grimm,29,dgrimmdo@techcrunch.com,United States
494,Veda Chisolm,32,vchisolmdp@nationalgeographic.com,Burkina Faso
495,Genovera Jerisch,14,gjerischdq@ft.com,United States
496,Marius Cornbill,65,mcornbilldr@surveymonkey.com,United Kingdom
497,Coralyn Clarke-Williams,39,cclarkewilliamsds@opensource.org,Armenia
498,Aeriel Shippey,65,ashippeydt@scribd.com,United States
499,Wilma Mendel,60,wmendeldu@google.de,Albania
500,Othello Bentall,45,obentalldv@cpanel.net,Argentina
501,Ewell Bissell,39,ebisselldw@diigo.com,United States
502,Moyra Ace,35,macedx@xing.com,Argentina
503,Rosaleen Orfeur,67,rorfeurdy@weibo.com,Argentina
504,Jacquenetta Prandoni,32,jprandonidz@jiathis.com,Argentina
505,Aldo Lange,46,alangee0@cmu.edu,United States
506,Del Cervantes,73,dcervantese1@mashable.com,United States
507,Jacquie Pancoast,15,jpancoaste2@fema.gov,United States
508,Francyne Malarkey,34,fmalarkeye3@w3.org,Argentina
509,June Edson,32,jedsone4@earthlink.net,Argentina
510,Anselm Duckhouse,15,aduckhousee5@craigslist.org,United States
511,Consolata Baldwin,51,cbaldwine6@cocolog-nifty.com,Albania
512,Smitty Dosdale,67,sdosdalee7@globo.com,United States
513,Salvador Ewdale,16,sewdalee8@tumblr.com,United States
514,Terra Bambrough,81,tbambroughe9@latimes.com,United States
515,Daniella Cage,40,dcageea@plala.or.jp,United States
516,Benedick Iacobo,33,biacoboeb@ifeng.com,United States
517,Andy Kewley,14,akewleyec@ihg.com,Argentina
518,Aigneis Pickford,21,apickforded@businessweek.com,Argentina
519,Kory Ertel,83,kertelee@ted.com,Albania
520,Foss Diperaus,23,fdiperausef@time.com,United States
521,Martynne Barefoot,41,mbarefooteg@phoca.cz,United States
522,Antoinette Hankins,75,ahankinseh@mlb.com,United States
523,Torre Killshaw,19,tkillshawei@seesaa.net,Argentina
524,Gareth Eckersall,47,geckersallej@list-manage.com,Argentina
525,Bernadene Schruurs,15,bschruursek@mac.com,Argentina
526,Stavro MacNally,22,smacnallyel@eventbrite.com,United States
527,Whitman Maasz,55,wmaaszem@godaddy.com,United States
528,Jasmina Rocca,82,jroccaen@vkontakte.ru,United States
529,Remy Chanders,83,rchanderseo@163.com,United Kingdom
530,Efren Ceaser,15,eceaserep@wunderground.com,United States
531,Ashleigh Martinez,56,amartinezeq@scribd.com,United States
532,Laird Stucksbury,61,lstucksburyer@bbc.co.uk,Armenia
533,Zack Tennet,15,ztennetes@chron.com,Albania
534,Concettina Rees,63,creeset@sbwire.com,United States
535,Sella Mallya,41,smallyaeu@paginegialle.it,Albania
536,Jan Spain-Gower,22,jspaingowerev@ehow.com,United States
537,Adaline Hains,32,ahainsew@ted.com,United States
538,Nata Newland,45,nnewlandex@baidu.com,United States
539,Valma Gauchier,23,vgauchierey@bandcamp.com,Argentina
540,Chery Kennea,75,ckenneaez@discuz.net,United States
541,Darci Mazonowicz,64,dmazonowiczf0@timesonline.co.uk,Argentina
542,Issy Hatliffe,35,ihatliffef1@mediafire.com,United States
543,Vernen McCartney,56,vmccartneyf2@ustream.tv,United States
544,Tessy Yegorkin,29,tyegorkinf3@nyu.edu,Argentina
545,Alis Opie,41,aopief4@sciencedaily.com,United States
546,Cornelia Bortolutti,71,cbortoluttif5@va.gov,United States
547,Ethan Janku,50,ejankuf6@seesaa.net,United States
548,Maridel Birckmann,69,mbirckmannf7@upenn.edu,Argentina
549,Durant Skillington,32,dskillingtonf8@uiuc.edu,Argentina
550,Shalne Raspin,83,sraspinf9@loc.gov,Burkina Faso
551,Donni Stubbes,16,dstubbesfa@technorati.com,United States
552,Sharl Brunet,70,sbrunetfb@example.com,Argentina
553,Esmeralda Wheildon,24,ewheildonfc@intel.com,United States
554,Petronella Schultes,60,pschultesfd@buzzfeed.com,United States
555,Claudius Goathrop,85,cgoathropfe@surveymonkey.com,Armenia
556,Purcell Quilkin,58,pquilkinff@earthlink.net,Argentina
557,Raynell Wass,22,rwassfg@hexun.com,Argentina
558,Britt Kinningley,61,bkinningleyfh@miibeian.gov.cn,Armenia
559,Harbert Doorbar,28,hdoorbarfi@a8.net,Argentina
560,Wolfgang Middleton,42,wmiddletonfj@cam.ac.uk,Argentina
561,Nikolaos Tolussi,37,ntolussifk@hexun.com,United States
562,Emeline Moffat,71,emoffatfl@cbslocal.com,United States
563,Cherry Graben,78,cgrabenfm@mail.ru,Argentina
564,Chrisy Vogele,47,cvogelefn@slashdot.org,United States
565,Hayward MacComiskey,22,hmaccomiskeyfo@last.fm,United Kingdom
566,Cello Sibbering,25,csibberingfp@google.nl,United States
567,Kaitlin McGebenay,50,kmcgebenayfq@newsvine.com,Argentina
568,Freddy Mcwhinney,85,fmcwhinneyfr@nytimes.com,United States
569,Ike Terese,26,iteresefs@deliciousdays.com,Cape Verde
570,Templeton Broadfoot,35,tbroadfootft@columbia.edu,United Kingdom
571,Julia Emblow,55,jemblowfu@sciencedaily.com,Armenia
572,Rooney Lorenc,60,rlorencfv@instagram.com,Argentina
573,Osborne Pigeram,48,opigeramfw@columbia.edu,Zambia
574,Gordy Wake,31,gwakefx@aboutads.info,Argentina
575,Tobiah Oliveti,75,tolivetify@google.co.jp,United States
576,Caresse Thurby,46,cthurbyfz@prweb.com,Zambia
577,Sibelle Clemerson,35,sclemersong0@chicagotribune.com,Argentina
578,Dallon Blinco,38,dblincog1@reddit.com,United States
579,Cory Dulen,26,cduleng2@walmart.com,United States
580,Brnaba Guiton,71,bguitong3@disqus.com,United States
581,Maurizia Mulderrig,78,mmulderrigg4@ning.com,United States
582,Antonetta Icom,50,aicomg5@fema.gov,Argentina
583,Nichole Winfred,31,nwinfredg6@dagondesign.com,United States
584,Gerrard Storrie,18,gstorrieg7@de.vu,Argentina
585,Guilbert Dimitrie,73,gdimitrieg8@about.me,Argentina
586,Christabella Levecque,53,clevecqueg9@nbcnews.com,United States
587,Tracey Roath,64,troathga@artisteer.com,Albania
588,Nert Grievson,33,ngrievsongb@hexun.com,United States
589,Silvain O'Caherny,69,socahernygc@prlog.org,United States
590,Lothaire Tindley,45,ltindleygd@reddit.com,United States
591,Melodie Beevis,24,mbeevisge@opensource.org,Armenia
592,Brittne Dahlen,72,bdahlengf@prnewswire.com,United States
593,Mellisent Wignall,40,mwignallgg@dot.gov,United States
594,Brittani Milberry,43,bmilberrygh@globo.com,United States
595,Morgana McKinnell,45,mmckinnellgi@google.ca,United Kingdom
596,Claire Davydychev,77,cdavydychevgj@sfgate.com,United States
597,Jeremy Franken,62,jfrankengk@economist.com,United States
598,Melli Laslett,82,mlaslettgl@house.gov,United States
599,Nannette O'Henecan,37,nohenecangm@etsy.com,United States
600,Winston Bromell,68,wbromellgn@toplist.cz,United States
601,Crista Waldron,20,cwaldrongo@cdc.gov,Albania
602,Brandy Hyde-Chambers,59,bhydechambersgp@forbes.com,Burkina Faso
603,Nana Hoyle,26,nhoylegq@nasa.gov,United States
604,Ban Doyle,42,bdoylegr@nytimes.com,United States
605,Mureil Todaro,63,mtodarogs@amazonaws.com,Albania
606,Orelie Linsley,63,olinsleygt@webs.com,United States
607,Perle Matisse,85,pmatissegu@networkadvertising.org,United States
608,Trixy Taborre,30,ttaborregv@de.vu,United States
609,Ali Jacobowitz,29,ajacobowitzgw@goodreads.com,United States
610,Philomena Archanbault,58,parchanbaultgx@domainmarket.com,Zambia
611,Nelly Camois,19,ncamoisgy@addthis.com,United Kingdom
612,Evy Torritti,60,etorrittigz@patch.com,United States
613,Gwynne Bestiman,28,gbestimanh0@blogger.com,Zambia
614,Terence Bloodworth,53,tbloodworthh1@amazon.de,Angola
615,Karna Alliott,54,kalliotth2@phpbb.com,Argentina
616,Trevar Iannello,25,tiannelloh3@whitehouse.gov,United States
617,Emile Quinell,15,equinellh4@independent.co.uk,United States
618,Margret Lorek,72,mlorekh5@barnesandnoble.com,Angola
619,Heath Livzey,56,hlivzeyh6@booking.com,United States
620,Kathleen Midford,46,kmidfordh7@jimdo.com,United States
621,Sergio Mardle,85,smardleh8@bravesites.com,Algeria
622,Imogene Arman,15,iarmanh9@wikipedia.org,India
623,Alon Dalgleish,17,adalgleishha@deviantart.com,Argentina
624,Odilia Ragbourn,53,oragbournhb@theatlantic.com,United States
625,Sylvia Valentine,76,svalentinehc@pcworld.com,United States
626,Anabella Tunnoch,23,atunnochhd@chronoengine.com,Argentina
627,Nadiya Parzizek,29,nparzizekhe@samsung.com,United States
628,Veronica Westcar,26,vwestcarhf@blogger.com,United Kingdom
629,Carita Abyss,63,cabysshg@gmpg.org,Argentina
630,Phil Santos,54,psantoshh@paypal.com,Argentina
631,Preston Fishwick,17,pfishwickhi@paypal.com,Albania
632,Wallis Gavrielli,42,wgavriellihj@umich.edu,Zambia
633,Saxe Quye,45,squyehk@tamu.edu,Argentina
634,Sophey Kinkade,38,skinkadehl@devhub.com,Armenia
635,Glynnis Gallear,57,ggallearhm@alibaba.com,Argentina
636,Marijo Beecham,54,mbeechamhn@cbslocal.com,Argentina
637,Phelia Surgeon,28,psurgeonho@sina.com.cn,United States
638,Marjorie Marcinkowski,31,mmarcinkowskihp@phpbb.com,Argentina
639,Andeee Billin,63,abillinhq@wsj.com,Argentina
640,Sig Jeanesson,45,sjeanessonhr@godaddy.com,Argentina
641,Niki Holdworth,57,nholdworthhs@nytimes.com,Argentina
642,Harmony Milbourn,34,hmilbournht@telegraph.co.uk,Argentina
643,Minor Van Dalen,34,mvanhu@whitehouse.gov,Albania
644,Marlee Shoveller,45,mshovellerhv@jalbum.net,United States
645,Zarla Soaper,70,zsoaperhw@macromedia.com,United States
646,Shanan Caps,15,scapshx@posterous.com,United States
647,Lilah Labrenz,80,llabrenzhy@sun.com,Albania
648,Bobina Fulks,75,bfulkshz@privacy.gov.au,United States
649,Mikey Chappel,41,mchappeli0@i2i.jp,Argentina
650,Rolph Brierly,56,rbrierlyi1@woothemes.com,Argentina
651,Zonda Kolinsky,62,zkolinskyi2@dailymail.co.uk,Argentina
652,Constantina Dunkerley,44,cdunkerleyi3@alexa.com,Argentina
653,Pippy Goodinge,82,pgoodingei4@51.la,United States
654,Roxine Lawrence,63,rlawrencei5@mlb.com,United States
655,Sol Ahearne,63,sahearnei6@shop-pro.jp,United States
656,Willey Crewes,37,wcrewesi7@washington.edu,Zambia
657,Delphine Slayford,30,dslayfordi8@g.co,Albania
658,Amble Klaussen,42,aklausseni9@statcounter.com,Argentina
659,Leyla Heinsen,58,lheinsenia@sourceforge.net,United States
660,Kristyn de Leon,21,kdeib@plala.or.jp,India
661,Gareth Neligan,22,gneliganic@wufoo.com,United States
662,Matthias Baldacchino,31,mbaldacchinoid@shop-pro.jp,United States
663,Jessa Eslie,19,jeslieie@cbc.ca,United Kingdom
664,Melvyn Lansley,50,mlansleyif@seesaa.net,United States
665,Eileen McLelland,75,emclellandig@xrea.com,Argentina
666,Cindi Garstang,27,cgarstangih@hubpages.com,United States
667,Dalston Kaesmakers,19,dkaesmakersii@kickstarter.com,Argentina
668,Jere Dechelle,26,jdechelleij@ucoz.ru,United States
669,Lenore Coushe,15,lcousheik@gnu.org,United States
670,Paten Siehard,80,psiehardil@omniture.com,United Kingdom
671,Noelyn Gunston,45,ngunstonim@dmoz.org,United States
672,Marten Ollive,32,mollivein@over-blog.com,United States
673,Hort Luciani,75,hlucianiio@webmd.com,United States
674,Cally Mate,25,cmateip@columbia.edu,Argentina
675,Meryl Flaune,85,mflauneiq@google.co.jp,Angola
676,Elsy Addess,54,eaddessir@fda.gov,United States
677,Giorgio Croxley,40,gcroxleyis@freewebs.com,Albania
678,Thaddeus Pylkynyton,32,tpylkynytonit@webeden.co.uk,Albania
679,Irena Le Sieur,35,ileiu@shutterfly.com,United States
680,Mirna Aindrais,15,maindraisiv@nymag.com,United States
681,Denise Reedman,42,dreedmaniw@rediff.com,United States
682,Conrad Trenear,81,ctrenearix@nifty.com,Albania
683,Daryl Gull,15,dgulliy@discuz.net,Argentina
684,Letty Sowthcote,36,lsowthcoteiz@omniture.com,United States
685,Sky Moston,51,smostonj0@usatoday.com,United Kingdom
686,Sophronia Benstead,55,sbensteadj1@ucoz.ru,United States
687,Juliana Losselyong,45,jlosselyongj2@odnoklassniki.ru,United States
688,Tess Murrish,42,tmurrishj3@time.com,United States
689,Ettie Godehard.sf,77,egodehardsfj4@51.la,Argentina
690,Anton Calam,50,acalamj5@rambler.ru,Argentina
691,Joeann Josefsohn,57,jjosefsohnj6@instagram.com,Armenia
692,Lib Naisbet,48,lnaisbetj7@blogtalkradio.com,Argentina
693,Gerianne Bodker,50,gbodkerj8@patch.com,Argentina
694,Meridel Pardew,85,mpardewj9@hibu.com,Burkina Faso
695,Lemuel Bleacher,72,lbleacherja@accuweather.com,United States
696,Dody Getch,66,dgetchjb@census.gov,Armenia
697,Randolf Jasper,17,rjasperjc@friendfeed.com,United States
698,Jannel Lafay,35,jlafayjd@topsy.com,United States
699,Benny Ambrogini,62,bambroginije@foxnews.com,United States
700,Ashley Klimushev,85,aklimushevjf@ebay.com,Argentina
701,Kristoffer Atthow,78,katthowjg@homestead.com,United States
702,Carilyn Wyne,25,cwynejh@over-blog.com,Armenia
703,Batsheva Von Gladbach,50,bvonji@unblog.fr,United States
704,Tiertza Weine,40,tweinejj@opensource.org,Armenia
705,Armstrong Jost,57,ajostjk@bandcamp.com,United States
706,Fancy Middlemiss,14,fmiddlemissjl@rediff.com,Argentina
707,Gigi Zolini,50,gzolinijm@furl.net,Argentina
708,Gottfried Felgat,28,gfelgatjn@independent.co.uk,Albania
709,Aveline Mingaud,39,amingaudjo@github.com,Zambia
710,Oren Saw,84,osawjp@cnet.com,Argentina
711,Armando Jobbings,77,ajobbingsjq@free.fr,Argentina
712,Ambrose Houndsom,83,ahoundsomjr@jugem.jp,Zambia
713,Reynard Grantham,74,rgranthamjs@springer.com,United States
714,Marcile Svanini,67,msvaninijt@arizona.edu,United States
715,Mord Pipping,43,mpippingju@angelfire.com,Argentina
716,Estrellita Phinnessy,67,ephinnessyjv@weibo.com,Argentina
717,Kippar Peacop,62,kpeacopjw@last.fm,Albania
718,Cymbre Elsay,25,celsayjx@google.co.jp,Argentina
719,Tawnya Killingsworth,83,tkillingsworthjy@geocities.com,United States
720,Dorri Oldis,68,doldisjz@miitbeian.gov.cn,Albania
721,Hoyt Thoumas,49,hthoumask0@sbwire.com,Argentina
722,Carlo Menauteau,23,cmenauteauk1@pbs.org,Argentina
723,Pippo Gadney,29,pgadneyk2@rambler.ru,United States
724,Ricardo Conechie,42,rconechiek3@google.pl,United States
725,Jehanna Molden,28,jmoldenk4@usnews.com,United States
726,Barbabra Plumley,35,bplumleyk5@clickbank.net,Zambia
727,Henrik Jedrzejczyk,76,hjedrzejczykk6@washingtonpost.com,United States
728,Alister Deluze,33,adeluzek7@soup.io,United States
729,Lenka Daburn,55,ldaburnk8@sun.com,United States
730,Lucia Bentley,84,lbentleyk9@hud.gov,Angola
731,Kare Menier,68,kmenierka@lulu.com,Argentina
732,Mick Leivers,53,mleiverskb@exblog.jp,Armenia
733,Ferne Averies,40,faverieskc@latimes.com,Armenia
734,El Corcut,73,ecorcutkd@amazon.co.jp,Albania
735,Xaviera O'Lenane,55,xolenaneke@g.co,Albania
736,Cazzie Gypson,80,cgypsonkf@livejournal.com,United States
737,Redd Kale,69,rkalekg@nih.gov,Argentina
738,Cariotta Cowey,69,ccoweykh@chron.com,Armenia
739,Octavia Tolputt,56,otolputtki@cloudflare.com,United States
740,Angelico Danilovich,41,adanilovichkj@opensource.org,Argentina
741,Bram Bear,51,bbearkk@gizmodo.com,United States
742,Janina Dines,71,jdineskl@ucoz.ru,Angola
743,Germayne Davidovich,53,gdavidovichkm@usnews.com,United States
744,Pepillo Spores,53,psporeskn@mashable.com,Argentina
745,Justinn Kift,61,jkiftko@amazon.com,Argentina
746,Lucienne Breydin,15,lbreydinkp@tmall.com,Argentina
747,Saidee Biggin,45,sbigginkq@cnn.com,United States
748,Vevay Pemberton,30,vpembertonkr@storify.com,United States
749,Rriocard Fendlow,68,rfendlowks@cornell.edu,Argentina
750,Netti Mullinger,74,nmullingerkt@360.cn,Argentina
751,Erastus Kime,58,ekimeku@comsenz.com,United Kingdom
752,Onida Penzer,66,openzerkv@geocities.jp,United States
753,Fey Kleis,81,fkleiskw@istockphoto.com,Argentina
754,Rora Jeyness,82,rjeynesskx@mit.edu,United States
755,Arty Kits,47,akitsky@adobe.com,United States
756,Trixi Vear,66,tvearkz@wikispaces.com,Argentina
757,Jobey Sallinger,27,jsallingerl0@ebay.com,United States
758,Xenos Gumme,83,xgummel1@youku.com,Argentina
759,Sib Dukesbury,24,sdukesburyl2@spiegel.de,Angola
760,Jarib Poleykett,85,jpoleykettl3@cbslocal.com,United States
761,Marci Kissick,27,mkissickl4@dagondesign.com,Argentina
762,Culver Brikner,49,cbriknerl5@usatoday.com,United States
763,Pietrek McFayden,30,pmcfaydenl6@linkedin.com,Argentina
764,Heidie Tithecote,17,htithecotel7@whitehouse.gov,United States
765,Evyn Aynold,44,eaynoldl8@zimbio.com,United States
766,Neill Shirlaw,46,nshirlawl9@google.com.au,Argentina
767,Saunderson Menego,55,smenegola@artisteer.com,Albania
768,Cindie Manby,15,cmanbylb@yelp.com,Argentina
769,Efrem Fontenot,39,efontenotlc@spotify.com,United States
770,Carolynn Drable,83,cdrableld@salon.com,Bahrain
771,Oswell Nancekivell,41,onancekivellle@buzzfeed.com,Argentina
772,Clotilda Krink,45,ckrinklf@prweb.com,United States
773,Marsiella Floch,60,mflochlg@163.com,United States
774,Luise Domenget,64,ldomengetlh@theatlantic.com,United States
775,Jarrett Kenion,69,jkenionli@dagondesign.com,United States
776,Kingsly Timcke,71,ktimckelj@nps.gov,Albania
777,Damiano Stollman,82,dstollmanlk@quantcast.com,United States
778,Humfried Kiddey,39,hkiddeyll@goo.ne.jp,United States
779,Arley Hinksen,36,ahinksenlm@zimbio.com,Argentina
780,Ketty Besse,30,kbesseln@patch.com,United States
781,Robinet Diperaus,52,rdiperauslo@usatoday.com,United States
782,Kalil Chate,22,kchatelp@flavors.me,Argentina
783,Davy Cowlas,22,dcowlaslq@uol.com.br,United States
784,Westbrooke Sprasen,63,wsprasenlr@msn.com,United States
785,Sena Yakobowitch,43,syakobowitchls@boston.com,United States
786,Chandler McMechan,27,cmcmechanlt@pcworld.com,Argentina
787,Abbi McCuthais,24,amccuthaislu@lycos.com,Argentina
788,Traver Mearns,27,tmearnslv@un.org,United States
789,Arty Eland,65,aelandlw@liveinternet.ru,American Samoa
790,Jarib Chyuerton,22,jchyuertonlx@webmd.com,Argentina
791,Cymbre Coult,49,ccoultly@reddit.com,Argentina
792,Etti Cobb,55,ecobblz@topsy.com,United States
793,Algernon Shallow,24,ashallowm0@walmart.com,Argentina
794,Kerwinn Blewitt,30,kblewittm1@nytimes.com,United States
795,Mabel Batchley,45,mbatchleym2@51.la,Argentina
796,Illa Mattioni,37,imattionim3@ezinearticles.com,Armenia
797,Sari Stanman,14,sstanmanm4@npr.org,United States
798,Letitia Podmore,40,lpodmorem5@ox.ac.uk,Argentina
799,Pamela Macy,19,pmacym6@sciencedirect.com,Argentina
800,Zorana Walshaw,19,zwalshawm7@list-manage.com,United States
801,Ermin Martonfi,55,emartonfim8@google.de,Argentina
802,Zerk Sighard,24,zsighardm9@census.gov,Argentina
803,Ashley Kubicki,56,akubickima@1688.com,Armenia
804,Sonnnie Warrior,48,swarriormb@seattletimes.com,United States
805,Ruby Gooderick,51,rgooderickmc@devhub.com,Argentina
806,Cull Jordon,65,cjordonmd@ycombinator.com,Armenia
807,Alia Makeswell,24,amakeswellme@businessinsider.com,United States
808,Esra Deverille,66,edeverillemf@163.com,Argentina
809,Nicholas Reedy,51,nreedymg@flickr.com,India
810,Lela Charlotte,25,lcharlottemh@ucla.edu,United States
811,Carley Senyard,36,csenyardmi@google.it,United States
812,Cindie Plover,48,cplovermj@businessweek.com,Albania
813,Jakob Cumberbatch,29,jcumberbatchmk@hibu.com,United States
814,Buck Labden,47,blabdenml@oracle.com,United States
815,Reese Hainning,40,rhainningmm@spotify.com,United States
816,Delano Kerwen,51,dkerwenmn@yolasite.com,Argentina
817,Ferdinanda Cordet,25,fcordetmo@cocolog-nifty.com,United States
818,Ginger Attle,60,gattlemp@chronoengine.com,United States
819,Chico Handford,14,chandfordmq@privacy.gov.au,United States
820,Georas Phripp,36,gphrippmr@wunderground.com,United States
821,Chrissy Gopsill,53,cgopsillms@delicious.com,Argentina
822,Bird Ticksall,30,bticksallmt@ovh.net,Albania
823,Maddie Gumley,27,mgumleymu@smugmug.com,United States
824,Alisha Hannond,21,ahannondmv@gnu.org,Argentina
825,Tootsie O'Bradane,16,tobradanemw@issuu.com,United States
826,Charissa Biasotti,14,cbiasottimx@slideshare.net,United Kingdom
827,Nert Measey,16,nmeaseymy@elegantthemes.com,United States
828,Jesse Knapman,31,jknapmanmz@mysql.com,Argentina
829,Addie Steele,79,asteelen0@netvibes.com,United States
830,Jayson Merrick,48,jmerrickn1@opensource.org,Albania
831,Lucille Chieze,85,lchiezen2@i2i.jp,Argentina
832,Ikey Axcel,29,iaxceln3@xing.com,United States
833,Gratiana Fleischer,16,gfleischern4@hao123.com,Argentina
834,Murray Twidle,40,mtwidlen5@vinaora.com,Argentina
835,Sarena Cookson,50,scooksonn6@yahoo.co.jp,Albania
836,Caroljean Grassett,79,cgrassettn7@blinklist.com,United States
837,Elwyn Mallaby,66,emallabyn8@last.fm,Argentina
838,Philippa Laxson,50,plaxsonn9@google.es,Albania
839,Scott O'Henehan,46,sohenehanna@quantcast.com,United States
840,Salomi Trawin,53,strawinnb@friendfeed.com,United States
841,Yolande Wauchope,21,ywauchopenc@t.co,United States
842,Keenan Hughlock,48,khughlocknd@technorati.com,Argentina
843,Leanna Kupper,69,lkupperne@nytimes.com,Argentina
844,Shir Niess,79,sniessnf@wordpress.org,Argentina
845,Hashim Cobson,78,hcobsonng@nps.gov,United States
846,Jemimah Burns,71,jburnsnh@toplist.cz,Argentina
847,Lita Duny,42,ldunyni@surveymonkey.com,United States
848,Vince Cranage,38,vcranagenj@theglobeandmail.com,Argentina
849,Calley Cragoe,25,ccragoenk@weibo.com,Argentina
850,Chlo Hesey,39,cheseynl@techcrunch.com,Argentina
851,Nonnah Flinders,28,nflindersnm@skype.com,Argentina
852,Blondelle Grunnill,37,bgrunnillnn@ca.gov,Argentina
853,Donielle Crowder,76,dcrowderno@washington.edu,United States
854,Pyotr Foyle,69,pfoylenp@oaic.gov.au,Argentina
855,Ernaline Warner,19,ewarnernq@xinhuanet.com,Zambia
856,Merry Alam,85,malamnr@sakura.ne.jp,United States
857,Torey Arkcoll,23,tarkcollns@abc.net.au,Albania
858,Heather Djurevic,73,hdjurevicnt@hostgator.com,Argentina
859,Toni Cayton,72,tcaytonnu@state.gov,Angola
860,Dennis Etock,45,detocknv@amazon.co.jp,Argentina
861,Powell Edelston,56,pedelstonnw@paginegialle.it,Angola
862,Lethia Petcher,82,lpetchernx@newsvine.com,United States
863,Winonah Latter,60,wlatterny@ebay.co.uk,Burkina Faso
864,Hank Riccardelli,20,hriccardellinz@statcounter.com,United States
865,Constantin Parkyns,20,cparkynso0@archive.org,United States
866,Stanislaw Milillo,33,smililloo1@theguardian.com,United States
867,Thurston Fitzmaurice,45,tfitzmauriceo2@chron.com,United States
868,De Forrestill,40,dforrestillo3@merriam-webster.com,United States
869,Nelle Lodder,19,nloddero4@naver.com,Armenia
870,Donavon Chuter,19,dchutero5@zimbio.com,Argentina
871,Llewellyn Raithby,45,lraithbyo6@bbb.org,Albania
872,Jordan Pauli,21,jpaulio7@europa.eu,Argentina
873,Papagena Haryngton,15,pharyngtono8@360.cn,Cape Verde
874,Anjanette Lydiate,55,alydiateo9@cisco.com,Argentina
875,Jeannine Hesser,52,jhesseroa@ebay.com,United States
876,Dorelle Hazlehurst,76,dhazlehurstob@myspace.com,United States
877,Bel Bucke,65,bbuckeoc@seesaa.net,Argentina
878,Milton Mourge,73,mmourgeod@guardian.co.uk,Argentina
879,Ivan Gane,83,iganeoe@timesonline.co.uk,Argentina
880,Rheba Sammars,50,rsammarsof@nsw.gov.au,Argentina
881,Rozanne Guage,26,rguageog@umn.edu,United States
882,Merle Pickerill,52,mpickerilloh@chronoengine.com,Albania
883,Georges Adam,55,gadamoi@ted.com,Argentina
884,Chrissy Punton,82,cpuntonoj@tinypic.com,United States
885,Lamond Ambrogio,73,lambrogiook@army.mil,Argentina
886,Lawton Dockreay,73,ldockreayol@mozilla.com,United States
887,Koenraad Olechnowicz,14,kolechnowiczom@ibm.com,Argentina
888,Modesty Hayne,57,mhayneon@miibeian.gov.cn,United States
889,Rosita Dungay,27,rdungayoo@eventbrite.com,United States
890,Coleen Du Pre,53,cduop@deviantart.com,Albania
891,Pepito Renneke,24,prennekeoq@bing.com,United States
892,Carlo Endean,63,cendeanor@skype.com,Argentina
893,Janella De Ruggero,47,jdeos@symantec.com,Argentina
894,Angel Gummery,55,agummeryot@comcast.net,Argentina
895,Kippie Scneider,81,kscneiderou@wikispaces.com,United States
896,Ashely Boother,27,abootherov@walmart.com,India
897,Elberta Ellins,25,eellinsow@tripod.com,Argentina
898,Nat Beeswing,18,nbeeswingox@so-net.ne.jp,United States
899,Tabby Jenckes,56,tjenckesoy@hexun.com,United States
900,Jacquelynn MacLaverty,65,jmaclavertyoz@barnesandnoble.com,Albania
901,Franny Mellonby,85,fmellonbyp0@com.com,Angola
902,Florence Arter,37,farterp1@geocities.jp,Argentina
903,Stella Rawlison,64,srawlisonp2@nydailynews.com,Armenia
904,Sigmund Robardey,34,srobardeyp3@bizjournals.com,Argentina
905,Damian Vazquez,68,dvazquezp4@uiuc.edu,Argentina
906,Juliette Sandcraft,34,jsandcraftp5@prlog.org,United States
907,Brandais Bradfield,67,bbradfieldp6@reuters.com,United States
908,Margy Cloney,32,mcloneyp7@mlb.com,United States
909,Connor Gallifont,73,cgallifontp8@wordpress.org,Argentina
910,Beltran Proske,73,bproskep9@yellowbook.com,United Kingdom
911,Burk Tapsfield,21,btapsfieldpa@gnu.org,United States
912,Piper Aizik,81,paizikpb@fc2.com,United States
913,Brittni McIlwaine,33,bmcilwainepc@weather.com,Argentina
914,Nathalie Tick,71,ntickpd@studiopress.com,United States
915,Jilly Buggs,70,jbuggspe@usnews.com,United States
916,Frederik Bedlington,41,fbedlingtonpf@sina.com.cn,United States
917,Dorice Harrington,22,dharringtonpg@zimbio.com,Argentina
918,Allys Work,33,aworkph@acquirethisname.com,United States
919,Garnet Wilshere,54,gwilsherepi@t-online.de,United States
920,Siffre Krol,83,skrolpj@ca.gov,United States
921,Viviene Jentgens,83,vjentgenspk@sourceforge.net,United States
922,Worden Bridgeman,41,wbridgemanpl@senate.gov,Albania
923,Benedict Bursnoll,17,bbursnollpm@ocn.ne.jp,United States
924,Abagail Gault,39,agaultpn@phoca.cz,Argentina
925,Margi Beacom,57,mbeacompo@smugmug.com,Argentina
926,Sherrie Albro,25,salbropp@bloglovin.com,Argentina
927,Brooks Creighton,41,bcreightonpq@ning.com,Albania
928,Abby Stucke,69,astuckepr@netvibes.com,United States
929,Betteann Twell,49,btwellps@artisteer.com,United States
930,Marnie Georgeon,48,mgeorgeonpt@google.es,Argentina
931,Alena Streeton,76,astreetonpu@vimeo.com,Armenia
932,Almeda Grishelyov,66,agrishelyovpv@boston.com,Albania
933,Hallsy Myott,37,hmyottpw@merriam-webster.com,Bahrain
934,Gustavo Makepeace,30,gmakepeacepx@hp.com,United States
935,Natalya Figura,28,nfigurapy@springer.com,Argentina
936,Tommie Stucke,54,tstuckepz@cyberchimps.com,Albania
937,Rebeca Da Costa,35,rdaq0@blogtalkradio.com,United States
938,Dyna Leftwich,68,dleftwichq1@baidu.com,Burkina Faso
939,Raffarty Nerney,28,rnerneyq2@shutterfly.com,Argentina
940,Gena Lapthorne,59,glapthorneq3@wp.com,Argentina
941,Rosaleen Blaisdale,67,rblaisdaleq4@mlb.com,Angola
942,Corrine Bellefonte,75,cbellefonteq5@parallels.com,Albania
943,Terri Burdus,34,tburdusq6@admin.ch,United Kingdom
944,Salaidh Trobridge,57,strobridgeq7@seattletimes.com,United States
945,Karita Stimson,59,kstimsonq8@reddit.com,United States
946,Tristan Fillary,76,tfillaryq9@discovery.com,Argentina
947,Daven Kineton,43,dkinetonqa@jimdo.com,United States
948,Gertruda Bothen,51,gbothenqb@mashable.com,United States
949,Giustina Blanko,73,gblankoqc@so-net.ne.jp,Argentina
950,Panchito Plitz,41,pplitzqd@unesco.org,Armenia
951,Roberta Mortel,62,rmortelqe@dot.gov,Burkina Faso
952,Lexis Pennings,30,lpenningsqf@github.io,Armenia
953,Modesty Archbell,20,marchbellqg@utexas.edu,United States
954,Craggie Scrowson,52,cscrowsonqh@cbsnews.com,Albania
955,Skelly Betty,41,sbettyqi@unblog.fr,Burkina Faso
956,Lynn Tivolier,50,ltivolierqj@photobucket.com,United States
957,Irv Fortnam,23,ifortnamqk@printfriendly.com,Argentina
958,Haley Piele,62,hpieleql@walmart.com,United States
959,Doug Pashbee,37,dpashbeeqm@ifeng.com,Argentina
960,Renee Derisly,42,rderislyqn@yellowpages.com,United States
961,Noell Livoir,42,nlivoirqo@slideshare.net,Albania
962,Edwin Menary,56,emenaryqp@dagondesign.com,United States
963,Daryl Thies,67,dthiesqq@elegantthemes.com,United States
964,Fawn Scotchmore,34,fscotchmoreqr@jalbum.net,Albania
965,Dorena Hyett,41,dhyettqs@wisc.edu,United States
966,Pearline Rawls,26,prawlsqt@cornell.edu,Argentina
967,Gabriell Hullock,29,ghullockqu@sphinn.com,United States
968,Gabbey Baud,73,gbaudqv@noaa.gov,Angola
969,Kerri Prettyman,45,kprettymanqw@goo.gl,Argentina
970,Sandie Fallow,78,sfallowqx@census.gov,United States
971,Chiarra Duncan,48,cduncanqy@delicious.com,United States
972,Tally Beecheno,47,tbeechenoqz@delicious.com,Argentina
973,Griz Ramshay,17,gramshayr0@aol.com,United States
974,Leanor Dinsdale,77,ldinsdaler1@ycombinator.com,United States
975,Caspar Sowray,82,csowrayr2@nationalgeographic.com,Albania
976,Sarette Antoniottii,38,santoniottiir3@netscape.com,United States
977,Sybilla Morch,64,smorchr4@telegraph.co.uk,United States
978,Phil Degoy,35,pdegoyr5@google.cn,Argentina
979,Neel Disley,72,ndisleyr6@cafepress.com,United States
980,Etty Paulusch,25,epauluschr7@earthlink.net,Argentina
981,Shermy Diloway,36,sdilowayr8@dailymail.co.uk,Argentina
982,Bertina Leopard,47,bleopardr9@multiply.com,Argentina
983,Araldo Gyngyll,56,agyngyllra@wikimedia.org,United States
984,Chariot Kilday,38,ckildayrb@tmall.com,Argentina
985,Beulah Godin,74,bgodinrc@wikispaces.com,Argentina
986,Adolphe Fer,66,aferrd@biblegateway.com,Zambia
987,Ron Di Frisco,39,rdire@cam.ac.uk,United States
988,Zea Scott,53,zscottrf@webnode.com,United States
989,Hilton Ikringill,85,hikringillrg@ovh.net,Albania
990,Sophey Orrah,77,sorrahrh@people.com.cn,United States
991,Quinta Bard,32,qbardri@geocities.com,Zambia
992,Eileen Dixsee,53,edixseerj@4shared.com,United States
993,Emili Tansley,26,etansleyrk@craigslist.org,United States
994,Emanuel Showalter,41,eshowalterrl@cocolog-nifty.com,United Kingdom
995,Rivkah Cronchey,47,rcroncheyrm@baidu.com,Argentina
996,Nelly Spini,69,nspinirn@huffingtonpost.com,Burkina Faso
997,Alvis Torres,21,atorresro@biglobe.ne.jp,United States
998,Keary Kneebone,54,kkneebonerp@smh.com.au,United States
999,Olga Gehricke,71,ogehrickerq@nhs.uk,Burkina Faso
1000,Madalyn Varcoe,44,mvarcoerr@hhs.gov,Argentina
